infP,infN,infC,infS,MLSS,MLVSS,VSS/TSS,ana-time,ano-time,pH,SR,P class
11.1,51.35,85,158.61,9.6,6.91,0.72,1.5,0.5,7.6,9.087692,0
10.46,18.7,67.4,135.8,7.79,5.09,0.65,12,24,7.4,46.644627,0
8.31,29.88,80.08,160.16,6.7,4.4,0.66,7.5,8.2,7.5,49.323395,2
9.37,45,58,114,3.1,2.4,0.77,7.8,13.8,7.4,23.05713,1
15.62,50,71,142,7.5,5.3,0.71,3,3,7.6,11.29244,0
9.4,45,52,118,4,3.1,0.78,5.8,3.8,7.4,20.333565,0
9.45,45,58,114,3.1,2.4,0.77,7.8,13.8,7.4,22.344269,0
13.44,50,75,150,7.5,5.3,0.71,3,3,7.6,15.3784685,0
11.21,41.59,74.84,209.74,4.83,2.38,0.49,6,2,8,70.66547,1
10.42,30.67,70.17,178.91,6.4,2.75,0.43,6,2,8,70.21311,1
11.78,50,85.35,170.7,7.5,5.3,0.71,3,3,7.6,21.382565,1
17.65,50,84,168,7.5,5.3,0.71,3,3,7.6,25.376663,0
10.96,18.7,67.4,135.8,8.09,5.18,0.64,12,24,7.4,34.564003,1
11.43,18.7,67.4,135.8,9.06,6.76,0.75,12,24,7.4,30.38697,0
11.42,30.92,67.93,185.18,7.15,2.79,0.39,6,2,8,80.8885,1
10.34,29.56,72.26,209.79,4.84,2.35,0.49,6,2,8,79.728,1
11.89,0,63.23,167.39,5.63,2.69,0.48,6,2,8,40.103775,0
10.11,18.49,76.04,193.78,8.2,3.5,0.43,5,2,7.1,101.1935,2
9.74,51.26,73.16,196.63,13.96,3.8,0.27,6,2,8,84.53484,2
12.05,50,72,144,5.5,4.6,0.84,5.4,5.4,7.6,4.085205,0
11.01,47.5,75,187,9.6,6.91,0.72,2,1.5,7.4,19.175198,2
11.14,55,75,164.85,9.6,6.91,0.72,2,1,7.6,31.990744,1
10.05,50,75.45,150.9,5.5,4.6,0.84,4.8,4.8,7.6,9.1440735,1
10.36,50.63,85,155.56,9.6,6.91,0.72,2,1,8,10.948464,2
11.15,28.44,73.53,206.1,20.14,4.15,0.21,6,2,8,104.875244,2
11.96,22.8,76.8,151.9,6.91,4.18,0.61,12,24,7.4,26.06656,2
10.36,51.17,85,155.09,9.6,6.91,0.72,2,0.3,7,13.237605,0
9.42,30.3,74.28,186.93,8.15,3.04,0.37,6,2,8,73.09667,0
9.89,45,52,118,4,3.1,0.78,5.8,3.8,7.4,22.5021,0
11.28,47.5,75,185,9.6,6.91,0.72,2,1.5,7.4,18.528337,2
12.3,0,71.61,170.85,6.31,3.16,0.5,6,2,8,35.984863,0
27.25,50,76.4,159.17,11.9,8.23,0.69,14.9,26.2,7.5,60.96066,0
7.07,45,58,114,3.1,2.4,0.77,7.8,13.8,7.4,22.053135,1
9.96,29.43,70.55,187.35,9.83,3.54,0.36,6,2,8,80.013695,0
7.18,16.66,30,111.99,8.2,3.3,0.4,2.5,4,7.1,57.71307,0
11.71,46.73,75.06,150.12,6.7,4.4,0.66,7,6.4,7.5,21.844929,2
9.14,41.09,74.28,182.1,10.12,3.22,0.32,6,2,8,87.62072,1
10.96,41.09,70.55,176.51,16.64,3.44,0.21,6,2,8,73.21782,2
10.04,22.8,76.8,151.9,6.88,4.03,0.59,12,24,7.4,66.79479,2
11.13,60.73,76.4,170.23,12,7.6,0.63,8,24,7.5,85.9253,0
9.29,18.7,67.4,135.8,8.48,4.82,0.57,12,24,7.4,8.60773,0
10.29,22.8,76.8,151.9,7,4.12,0.59,12,24,7.4,58.86066,0
13.93,47.5,75,160,9.6,6.91,0.72,2,1.5,7.4,39.73514,1
9.5,39.44,84.72,169.44,6.7,4.4,0.66,8.2,10.8,7.5,43.80198,2
9.96,31.66,84.35,168.7,6.7,4.4,0.66,8.2,10.6,7.5,46.29628,2
13.34,45,57,129,4.3,3.3,0.77,5.8,3.8,7.4,20.935427,0
9.99,50,76.71,153.42,7.2,5.32,0.74,6,6,7.5,13.48551,0
11.05,19.64,73.55,185.92,5.57,3.1,0.56,6,2,8,48.101315,0
9.96,31.44,83.34,166.67,6.7,4.4,0.66,8.4,11.4,7.5,48.774277,2
12.57,0,66.45,170.04,6.17,3.17,0.51,6,2,8,37.950638,0
13.93,47.5,75,195,9.6,6.91,0.72,2,1.5,7.4,16.342123,2
10.93,47.5,75,161,9.6,6.91,0.72,2,1.5,7.4,47.124153,1
8.63,40.49,86.85,260.56,7.7,4.6,0.6,6,3,7.5,34.331818,2
10.1,48.78,76.52,182.26,12.59,3.78,0.3,6,2,8,80.775055,1
10.7,47.5,75,182,9.6,6.91,0.72,2,1.5,7.4,28.540531,1
10.39,19.14,74.19,197.49,4.73,2.17,0.46,6,2,8,60.423298,1
10.5,29.43,70.97,189.76,4.94,2.34,0.47,6,2,8,46.812828,1
11.13,60.73,76.4,170.23,12,7.6,0.63,8,2,7.5,85.9253,0
7.42,20.96,63.55,72.61,8.2,3.3,0.4,9,2,7.1,70.80653,0
10.6,31,72.9,202.7,8.2,4,0.49,3.5,1.5,7.6,69.64814,0
10.14,30.05,70.17,197.35,19.93,4.05,0.2,6,2,8,85.442665,2
11.48,29.43,70.32,195.65,5.25,2.74,0.52,6,2,8,61.660023,0
9.87,49.65,69.05,194.49,16.42,3.76,0.23,6,2,8,101.185295,2
10.36,43.95,85,155.14,9.6,6.91,0.72,2,0.5,7.5,11.311963,2
11.6,40,74,201.8,8.2,3.3,0.4,10,2.5,7.6,87.42183,0
9.69,30.67,71.29,199.59,6.64,2.58,0.39,6,2,8,77.18226,1
10.65,29.81,73.16,204.43,6.48,2.69,0.41,6,2,8,80.69234,0
11.81,21.37,75.48,202.73,5.44,2.79,0.51,6,2,8,61.080563,0
9.69,30.67,68.31,178.35,8.48,3.17,0.37,6,2,8,68.87278,1
20.92,45,57,129,4.3,3.3,0.77,5.8,3.8,7.4,32.284943,0
13.73,45,75.29,150.57,4.6,3.5,0.76,4,6,7.6,5.336495,0
12.67,50,75.44,150.88,7.5,5.3,0.71,3,3,7.6,14.859576,0
10.36,43.95,85,155.14,9.6,6.91,0.72,2,0.3,7.5,11.311963,0
9.74,30.05,70.92,197.71,8.17,2.93,0.36,6,2,8,86.05076,0
10.55,39.98,72.79,177.49,18.38,4.05,0.22,6,2,8,73.775185,2
3.16,32.22,79.91,159.83,6.7,4.4,0.66,9.9,16.6,7.5,48.91444,0
9.41,32.13,77.1,231.3,7.7,4.6,0.6,6,3,7.5,29.675802,2
22.05,50,78,162.5,11.9,7.34,0.62,17,28.5,7.5,57.918606,0
10,50,75.51,151.02,7.12,4.89,0.69,6,6,7.5,15.442005,2
7.91,30.86,74.77,224.31,7.7,4.6,0.6,6,3,7.5,41.986237,2
11.14,55,75,164.85,9.6,6.91,0.72,2,0.5,7.6,31.990744,0
10.85,30.5,81,176.78,7,5.3,0.76,4,2,7.5,4.8044834,0
9.65,47.5,75,151,9.6,6.91,0.72,2,1.5,7.4,18.394836,1
14.03,45,57,129,4.3,3.3,0.77,5.8,3.8,7.4,25.602863,0
10.91,40,69.79,139.58,8.2,5.6,0.68,6.8,7.3,7.6,21.875294,0
11.14,55,75,164.85,9.6,6.91,0.72,2,0.3,7.6,31.990744,0
11.1,40.8,75.5,196.1,8.2,3.6,0.44,6,1.5,7.6,86.017975,0
8.96,51.88,67.93,169.74,12.02,3.49,0.29,6,2,8,78.12124,1
14.65,45,164.7,161.47,7.8,6.65,0.85,5,6,7.5,6.070454,0
10.21,18.7,67.4,135.8,8.48,4.82,0.57,12,24,7.4,32.677444,2
10.36,51.17,85,155.09,9.6,6.91,0.72,2,1,7,13.237605,2
10.83,60.5,74.58,157.83,7.3,5.3,0.73,6,1,7.5,3.6848714,0
10.36,22.8,76.8,151.9,6.88,3.97,0.58,12,24,7.4,51.74145,2
15.45,47.5,75,178,9.6,6.91,0.72,2,1.5,7.4,29.083399,1
8.78,39.85,74.28,174.59,16.41,3.57,0.22,6,2,8,72.22318,2
11.15,29.06,69.8,190.47,6.3,2.53,0.4,6,2,8,77.12808,1
10.61,40.6,77.42,194.76,4.92,2.39,0.49,6,2,8,57.95586,0
10.64,22.8,76.8,151.9,7.58,4.48,0.59,12,24,7.4,24.289198,0
11.15,9.72,72.9,187.46,5.37,2.89,0.54,6,2,8,41.178204,0
9.57,45,52,118,4,3.1,0.78,5.8,3.8,7.4,25.452478,0
9.43,34.65,83.01,249.04,7.7,4.6,0.6,6,3,7.5,33.590126,2
10.32,45,69.27,147.38,6.91,4.09,0.59,8,12,7.5,13.939022,1
12.2,56.25,90.14,480.41,9.3,0.56,0.06,9,3,7.5,35.352207,2
12.36,45,52,118,4,3.1,0.78,5.8,3.8,7.4,29.027689,1
10.49,45,58,114,3.1,2.4,0.77,7.8,13.8,7.4,30.209692,0
15.11,47.5,75,174,9.6,6.91,0.72,2,1.5,7.4,22.609123,0
11.1,51.35,85,158.61,9.6,6.91,0.72,1.5,1,7.6,9.087692,2
14.22,50,76.52,153.03,7.2,5.32,0.74,6,6,7.5,12.083075,2
27.66,50,72,144,7.5,5.3,0.71,3,3,7.6,16.341768,2
12.76,32.86,79.61,159.23,6.7,4.4,0.66,7.4,8,7.5,52.328445,2
14.8,64.59,89.59,308.15,8.7,0.6,0.07,9,3,7.5,45.574696,2
10.13,55,84,156.17,9.6,6.91,0.72,2,1,7.6,13.483453,2
10.83,20.13,70.97,198.29,4.91,2.61,0.53,6,2,8,66.08354,0
11.05,28.57,72.26,190.45,4.28,1.99,0.47,6,2,8,50.1597,0
10.6,28.81,68.39,209.75,4.35,2.02,0.46,6,2,8,93.36266,1
11.38,45,72,144,4.6,3.5,0.76,4,6,7.6,16.593971,0
10.83,60.5,74.58,157.83,7.3,5.3,0.73,6,4,7.5,3.6848714,2
4.98,20.15,52.09,104.19,6.7,4.4,0.66,8.5,11.8,7.5,43.51627,2
11.13,60.73,76.4,170.23,12,7.6,0.63,8,4,7.5,85.9253,0
9.48,42.5,79.54,238.61,7.7,4.6,0.6,6,3,7.5,24.770576,2
9.64,28.44,69.8,185.05,5.73,2.46,0.43,6,2,8,73.30459,0
14.2,50,75.44,150.88,7.5,5.3,0.71,3,3,7.6,15.8278,0
10.01,28.32,69.8,210.16,6.33,2.92,0.46,6,2,8,86.95172,1
10.15,40.32,75.87,194.8,8.2,3.5,0.43,5,2.5,7.1,102.57705,2
9.69,49.9,72.04,196.58,13.61,4.24,0.31,6,2,8,98.49942,1
13.16,47.5,75,168,9.6,6.91,0.72,2,1.5,7.4,30.240362,0
8.65,47.5,75,165,9.6,6.91,0.72,2,1.5,7.4,20.930237,0
11.65,45,72,160,6.91,4.09,0.59,5,6,7.5,3.5229642,0
9.69,29.19,73.16,194.76,9.09,3.32,0.37,6,2,8,80.052605,0
10.55,40.84,70.92,192.03,9.51,3.17,0.33,6,2,8,86.138374,1
10.83,30.55,73.55,207.13,4.04,2.09,0.52,6,2,8,66.19984,0
9.37,29.93,72.79,180.93,5.29,2.32,0.44,6,2,8,56.12124,0
8.89,47.5,75,176,9.6,6.91,0.72,2,1.5,7.4,41.18328,1
10.16,0,73.9,200.59,8.2,3.5,0.43,5,2.5,7.1,101.7201,0
9.75,18.7,67.4,135.8,7.91,5.21,0.66,12,24,7.4,40.40098,2
5.91,50,85,163.05,9.6,6.91,0.72,2,0.3,7.6,11.438308,0
10.07,22.8,76.8,151.9,7.15,4.15,0.58,12,24,7.4,43.212734,2
16.22,50,67,134,7.5,5.3,0.71,3,3,7.6,13.241272,1
6.23,34,75.42,226.26,7.7,4.6,0.6,6,3,7.5,34.381664,2
10.14,45,58,114,3.1,2.4,0.77,7.8,13.8,7.4,27.576677,1
10.11,45,71.25,151.6,6.15,3.88,0.63,8,12,7.5,34.180443,2
18.09,45,75,150,7,5.28,0.75,5,6,7.5,8.592208,0
10.78,45,69,153.33,4.75,2.87,0.6,5,6,7.5,20.422832,0
11.97,0,65.16,177.04,6.09,3,0.49,6,2,8,54.946735,0
6.98,52.03,89.14,178.27,6.7,4.4,0.66,6.8,5.8,7.5,26.307356,2
9.92,29.06,65.32,195.11,6.63,2.67,0.4,6,2,8,79.846756,1
9.79,18.7,67.4,135.8,7.97,4.76,0.6,12,24,7.4,55.2955,0
10.04,18.7,67.4,135.8,9.03,5.94,0.66,12,24,7.4,51.429493,2
9.97,45,58,114,3.1,2.4,0.77,7.8,13.8,7.4,30.088728,0
11.6,40,65.91,178.13,11.08,3.96,0.36,3,2.5,7.6,64.36148,0
10.28,39.11,70.55,196.37,17.22,3.72,0.22,6,2,8,103.37773,2
8.82,18.53,56.76,117.07,8.2,3.3,0.4,3.5,1.5,7.1,84.864296,1
11.21,22.8,76.8,151.9,7,4.12,0.59,12,24,7.4,49.46502,1
9.41,72.13,52.57,134.63,4.3,3.3,0.77,6,2,7.4,24.084515,0
10.05,52,74.65,177.92,14.97,4,0.27,6,2,8,72.11176,2
11.36,22.8,76.8,151.9,7.91,4.94,0.62,12,24,7.4,74.21048,2
9.52,37.51,77.82,233.46,7.7,4.6,0.6,6,3,7.5,32.80267,2
10.28,39.85,70.92,189.9,19.43,4.16,0.21,6,2,8,80.538536,2
17.46,26.3,80.85,161.69,6.7,4.4,0.66,8.6,12,7.5,44.615997,2
8.76,38.91,84.9,254.71,7.7,4.6,0.6,6,3,7.5,34.80443,2
9.91,44.84,56.97,134.85,4,3.1,0.78,6,2,7.4,20.988853,0
15.73,45,68.34,151.87,4.8,3.62,0.75,5,6,7.5,5.924184,0
9.77,50,80,160,7.12,4.89,0.69,6,6,7.5,23.774721,1
13.16,45,140.29,137.54,7.5,6.22,0.83,5,6,7.5,5.628805,0
11.21,11.21,70.32,201.87,5.07,2.6,0.51,6,2,8,65.152306,0
18,47.5,75,192,9.6,6.91,0.72,2,1.5,7.4,15.936741,1
10.77,30.43,72.9,203.72,4.42,1.99,0.45,6,2,8,73.33915,1
10.13,55,84,156.17,9.6,6.91,0.72,2,0.5,7.6,13.483453,0
10.87,39.6,72.04,177.42,9.69,3.46,0.36,6,2,8,76.07442,1
12.3,56.57,84.83,686.4,9.2,0.54,0.06,9,3,7.5,41.288506,2
10.28,29.68,69.43,188.75,5.13,2.29,0.45,6,2,8,57.35209,1
11.08,45,76.47,154.52,6.7,4,0.6,8,2,7.5,32.241516,0
10.21,22.8,76.8,151.9,7,4,0.57,12,24,7.4,59.74603,2
11.6,40,65.03,175.75,9.53,3.99,0.42,3,2.5,7.6,82.254616,0
17.74,45,78.2,159.59,7.5,6.41,0.85,5,6,7.5,3.2458234,0
6.79,42.72,85,166.95,9.6,6.91,0.72,2,0.3,7.6,11.38386,2
10.49,50,75.44,150.88,7.5,5.3,0.71,3,3,7.6,17.065472,0
10.08,47.5,75,172,9.6,6.91,0.72,2,1.5,7.4,28.871979,1
10.46,39.23,70.17,199.38,18.06,3.89,0.22,6,2,8,89.02328,2
11.65,41.34,70.17,195.83,18.26,3.93,0.22,6,2,8,89.9168,2
11.32,9.84,71.61,191.33,5.61,2.88,0.51,6,2,8,53.194946,0
10.61,50,73.16,146.32,7.5,5.3,0.71,3,3,7.6,19.481316,0
13.33,50,75.3,150.6,7.5,5.3,0.71,3,3,7.6,8.384129,0
11.43,11.58,67.74,190.81,5.41,2.79,0.51,6,2,8,57.089546,0
10.07,18.7,67.4,135.8,7.67,4.67,0.61,12,24,7.4,27.699438,0
10.86,50,79.35,158.7,5.5,4.6,0.84,4.6,4.6,7.6,8.772832,1
11.04,22.69,76.67,8.33,7.52,4.57,0.61,8,4,7.4,0.2553147,1
10.36,37.2,84.67,254.02,7.7,4.6,0.6,6,3,7.5,31.975111,2
14.22,45,85.5,190,4.8,3.62,0.75,5,6,7.5,3.3551502,0
10.01,29.56,69.68,199.53,4.18,1.9,0.45,6,2,8,61.509884,1
12.13,47.5,75,173,9.6,6.91,0.72,2,1.5,7.4,17.177,1
9.23,47.5,75,150,9.6,6.91,0.72,2,1.5,7.4,13.682599,2
8.42,23.6,76.04,152.09,6.7,4.4,0.66,8.8,12.8,7.5,50.866776,2
11.46,47.5,75,152,9.6,6.91,0.72,2,1.5,7.4,14.76512,0
9.96,22.8,76.8,151.9,7.42,4.61,0.62,12,24,7.4,37.144215,2
10.13,55,84,156.17,9.6,6.91,0.72,2,0.3,7.6,13.483453,0
9.68,22.8,76.8,151.9,7.03,4.27,0.61,12,24,7.4,80.94941,2
9.49,41.11,77.53,155.06,6.7,4.4,0.66,7.1,6.8,7.5,24.930244,2
10.85,30.5,81,176.78,7,5.3,0.76,4,4,7.5,4.8044834,0
9.96,22.8,76.8,151.9,7.3,4.33,0.59,12,24,7.4,57.618637,0
8.18,50,80.2,167.08,11.2,7.64,0.68,15.6,27,7.5,62.313744,0
11.48,10.96,74.19,189.94,6.32,3.32,0.53,6,2,8,55.285587,0
9.89,22.8,76.8,151.9,7.36,4.42,0.6,12,24,7.4,24.441294,2
4.96,35.81,73.65,220.94,7.7,4.6,0.6,6,3,7.5,45.107346,2
10.29,50,67.25,134.49,7.12,4.89,0.69,6,6,7.5,5.545664,1
11,47.5,75,164,9.6,6.91,0.72,2,1.5,7.4,47.548832,0
11.14,55,75,164.85,9.6,6.91,0.72,2,1.5,7.6,31.990744,1
12.07,41.5,80.28,160.55,6.7,4.4,0.66,7,6.6,7.5,30.247377,2
9.05,47.5,75,193,9.6,6.91,0.72,2,1.5,7.4,23.959541,2
9.87,35.29,81.09,243.26,7.7,4.6,0.6,6,3,7.5,23.702156,2
19.23,45,140,137.25,7.8,6.65,0.85,5,6,7.5,1.2594767,0
11.59,20.13,69.03,198.41,5.45,2.98,0.55,6,2,8,57.50785,0
9.87,44.52,88.37,176.74,6.7,4.4,0.66,6.9,6,7.5,27.715502,2
11.08,45,76.47,154.52,6.7,4,0.6,8,4,7.5,32.241516,0
9.61,22.8,76.8,151.9,7.36,4.39,0.6,12,24,7.4,52.54224,0
10.09,50,84,151.99,9.6,6.91,0.72,3,1.5,7.6,11.1616535,2
10.09,50,84,151.99,9.6,6.91,0.72,3,0.5,7.6,11.1616535,0
9.6,30.92,70.17,178.88,7.58,2.88,0.38,6,2,8,69.44415,1
12.08,10.09,71.61,183.1,5.85,3.06,0.52,6,2,8,52.03522,0
9.51,40.22,69.43,191.68,16.96,3.55,0.21,6,2,8,79.34813,2
10.77,50,84,151.99,9.6,6.91,0.72,3,1,7.6,14.678042,0
10.19,30.55,68.31,194.49,5.55,2.58,0.46,6,2,8,72.24869,1
9.79,22.8,76.8,151.9,7.15,4.15,0.58,12,24,7.4,50.964954,2
10.28,30.43,68.31,177.3,8.49,3.13,0.37,6,2,8,69.01932,1
14.8,60.47,89.05,240.08,7.8,0.65,0.08,9,3,7.5,46.070164,2
10.39,50,75,150,5.5,4.6,0.84,4.4,4.4,7.6,6.293228,2
11.41,50,75.44,150.88,7.5,5.3,0.71,3,3,7.6,22.883013,1
10.24,28.81,72.41,204.91,5.66,2.75,0.49,6,2,8,70.72017,1
10.46,22.8,76.8,151.9,6.91,3.94,0.57,12,24,7.4,48.41716,2
10.1,47.5,75,189,9.6,6.91,0.72,2,1.5,7.4,18.458488,1
9.87,29.68,72.79,199.99,18.01,3.63,0.2,6,2,8,88.879745,2
10.79,22.8,76.8,151.9,7.06,4.15,0.59,12,24,7.4,38.611237,2
10.45,40,70.47,140.94,8.2,5.6,0.68,9.3,11,7.6,23.852646,1
9.79,22.8,76.8,151.9,7.7,4.21,0.55,12,24,7.4,62.192986,2
8.07,34.53,70.14,210.41,7.7,4.6,0.6,6,3,7.5,29.875608,2
7.26,45,52,118,4,3.1,0.78,5.8,3.8,7.4,19.353441,1
9.33,39.98,70.17,182.96,16.54,3.69,0.22,6,2,8,85.84048,2
10.15,42.53,92.5,277.49,7.7,4.6,0.6,6,3,7.5,29.422663,2
10.1,40.6,70.55,182.73,16.72,3.88,0.23,6,2,8,73.78808,2
11.1,51.35,85,158.61,9.6,6.91,0.72,1.5,0.3,7.6,9.087692,0
9.74,40.22,72.41,204.22,19.04,4.09,0.21,6,2,8,92.615486,2
10.77,50,84,151.99,9.6,6.91,0.72,3,1.5,7.6,14.678042,0
10.1,40.72,71.29,196.37,17.44,3.5,0.2,6,2,8,88.66263,2
3.25,32.67,104.2,312.6,7.7,4.6,0.6,6,3,7.5,58.222015,1
13.02,0,68.39,170.97,6.37,3.22,0.51,6,2,8,42.473656,0
5.67,50,85,160.11,9.6,6.91,0.72,2,0.3,7.6,11.58625,0
6.21,35.26,82.95,248.85,7.7,4.6,0.6,6,3,7.5,40.1221,2
11.64,47.5,75,175,9.6,6.91,0.72,2,1.5,7.4,23.610065,0
9.84,29.52,75.87,199.28,8.2,3.5,0.43,5,2.5,7.1,100.82899,2
11.8,47.5,75,157,9.6,6.91,0.72,2,1.5,7.4,16.827965,1
9.73,53.74,84,158.55,9.6,6.91,0.72,2,0.3,7.6,15.175182,0
9.91,44.84,56.97,134.85,4,3.1,0.78,6,1,7.4,20.988853,0
9.96,30.05,75.4,200.33,8.09,2.87,0.36,6,2,8,84.022064,0
10.39,22.8,76.8,151.9,7.52,4.09,0.54,12,24,7.4,68.49125,2
11.53,54.36,82.48,164.96,6.7,4.4,0.66,6.1,3.2,7.5,42.570118,2
9,22.8,76.8,151.9,7.36,4.61,0.63,12,24,7.4,54.20418,2
14.16,50,75,150,7.5,5.3,0.71,3,3,7.6,19.424246,0
9.62,36.54,82.19,246.57,7.7,4.6,0.6,6,3,7.5,28.373035,2
10.57,24.42,74.39,147.27,7.52,4.57,0.61,12,24,7.4,51.901306,2
10.6,29.43,70.55,195.84,6.32,2.86,0.45,6,2,8,80.23754,1
6.03,50,73.5,153.13,12,7.83,0.65,13.3,24.6,7.5,73.855385,0
10.52,55.25,85,166.29,9.6,6.91,0.72,2,1,7.6,12.926985,2
6.42,50,85,163.23,9.6,6.91,0.72,2,0.3,7.6,11.709823,0
14.57,47.5,75,170,9.6,6.91,0.72,2,1.5,7.4,38.342968,0
10.09,50,84,151.99,9.6,6.91,0.72,3,1,7.6,11.1616535,1
16.92,50,75.36,157,11.6,7.47,0.64,9.9,20.9,7.5,62.172504,0
12.5,47.14,81.53,163.07,6.7,4.4,0.66,7.9,9.6,7.5,19.225674,2
10.36,22.8,76.8,151.9,7,4.09,0.58,12,24,7.4,65.054375,0
10.06,40.13,86.95,260.84,7.7,4.6,0.6,6,3,7.5,30.39644,2
11.42,47.5,75,163,9.6,6.91,0.72,2,1.5,7.4,44.821068,1
9.04,18.7,67.4,135.8,8.67,5.94,0.69,12,24,7.4,18.530403,2
9.23,50.76,74.28,178.45,12.93,3.64,0.28,6,2,8,83.66581,1
8.82,18.7,67.4,135.8,7.88,5.21,0.66,12,24,7.4,26.8919,2
8.12,35.4,75.4,150.79,6.7,4.4,0.66,8.9,13.2,7.5,49.8923,1
10.33,30.05,67.93,199.06,7.98,3.12,0.39,6,2,8,81.25148,1
12.98,45,57,129,4.3,3.3,0.77,5.8,3.8,7.4,21.038794,0
11.15,40.6,74.65,193.65,18.83,3.92,0.21,6,2,8,83.71325,2
10.77,50,84,151.99,9.6,6.91,0.72,3,0.5,7.6,14.678042,0
9.64,31.05,70.55,193.96,4.87,2.35,0.48,6,2,8,69.61687,1
10.77,50,84,151.99,9.6,6.91,0.72,3,0.3,7.6,14.678042,0
9.51,29.43,70.92,189.4,4.9,2.18,0.44,6,2,8,62.70737,0
11.79,18.7,67.4,135.8,8.67,6.76,0.78,12,24,7.4,24.209509,0
8.36,22.8,76.8,151.9,7.7,4.24,0.55,12,24,7.4,59.137238,2
10.55,11.21,69.03,197.4,4.89,2.67,0.55,6,2,8,63.59869,0
14.95,45,164,160.78,7.8,6.65,0.85,5,6,7.5,2.080796,0
11.1,39.48,77.27,182.49,19.11,3.44,0.18,6,2,8,72.77875,2
10.52,55.25,85,166.29,9.6,6.91,0.72,2,0.3,7.6,12.926985,2
11.29,18.7,67.4,135.8,7.97,4.79,0.6,12,24,7.4,24.558872,2
10.96,50,85,170,7.5,5.3,0.71,3,3,7.6,14.890629,2
12.57,0,70.32,166.17,6.15,3.07,0.5,6,2,8,34.348503,0
18.1,45,81,162,4.35,3.27,0.75,5,6,7.5,4.4822474,0
10.28,31.42,70.92,197.84,8.93,3.39,0.38,6,2,8,79.43149,0
10.22,47.5,75,183,9.6,6.91,0.72,2,1.5,7.4,29.581934,1
9.72,47.5,75,188,9.6,6.91,0.72,2,1.5,7.4,24.029453,1
10.36,43.95,85,155.14,9.6,6.91,0.72,2,1,7.5,11.311963,2
10.64,45,57,129,4.3,3.3,0.77,5.8,3.8,7.4,23.16325,0
12.36,43.23,85,158.61,9.6,6.91,0.72,2,0.5,6.5,9.578959,0
10.36,52.54,85,155.73,9.6,6.91,0.72,2,0.3,8.5,8.573915,0
10.05,41.09,67.19,178.9,16.44,3.53,0.21,6,2,8,70.50299,2
12.01,47.5,75,196,9.6,6.91,0.72,2,1.5,7.4,13.681719,2
9.83,41.34,70.55,197.72,17.47,3.59,0.21,6,2,8,92.51203,2
11.59,29.68,70.97,198.66,4.87,2.62,0.54,6,2,8,64.01367,0
10.02,50,74.01,148.01,7.5,5.83,0.78,6,6,7.5,4.053751,2
9.04,37.15,73.52,220.57,7.7,4.6,0.6,6,3,7.5,27.004313,2
9.55,30.43,72.41,169.27,6.96,2.52,0.36,6,2,8,50.80546,1
9.68,30.43,70.97,206.17,4.76,2.24,0.47,6,2,8,84.20405,1
11.51,50,84.7,169.4,7.5,5.3,0.71,3,3,7.6,13.631075,0
10.58,47.5,75,190,9.6,6.91,0.72,2,1.5,7.4,14.792676,1
1.57,31.78,83.44,250.33,7.7,4.6,0.6,6,3,7.5,42.380424,2
9.66,36.34,78.62,235.85,7.7,4.6,0.6,6,3,7.5,25.633114,2
9.68,22.8,76.8,151.9,7,4.09,0.58,12,24,7.4,67.88277,0
9.74,20.75,70.32,210.27,4.77,2.17,0.45,6,2,8,86.10905,1
9.25,36.56,78.31,234.93,7.7,4.6,0.6,6,3,7.5,29.14548,2
9.99,29.3,74.7,214.19,6.8,3,0.44,7.5,2,7.6,90.89817,1
8.23,38.47,74.9,224.7,7.7,4.6,0.6,6,3,7.5,27.016079,2
10.53,50,82.4,164.79,7.5,5.3,0.71,3,3,7.6,11.934055,0
11.28,47.5,75,154,9.6,6.91,0.72,2,1.5,7.4,15.775907,1
8.05,45,52,118,4,3.1,0.78,5.8,3.8,7.4,25.531958,1
6.54,44.67,52.6,117.24,3.1,2.4,0.77,8,1,7.4,18.325752,0
14.75,50,75.02,150.03,7.5,5.3,0.71,3,3,7.6,21.887037,1
10.83,60.5,74.58,157.83,7.3,5.3,0.73,6,2,7.5,3.6848714,0
10.83,60.5,74.58,157.83,7.3,5.3,0.73,6,6,7.5,3.6848714,2
6.54,44.67,52.6,117.24,3.1,2.4,0.77,8,14,7.4,18.325752,0
16.81,45,80.24,160.47,4.6,3.5,0.76,4,6,7.6,7.6512837,0
11.08,45,76.47,154.52,6.7,4,0.6,8,8,7.5,32.241516,1
10.65,30.05,72.04,181.77,8.46,3.22,0.38,6,2,8,71.18738,1
9.55,49.65,71.29,187.57,13.4,3.78,0.28,6,2,8,80.656006,1
9.91,44.84,56.97,134.85,4,3.1,0.78,6,3,7.4,20.988853,0
5.91,50,85,163.05,9.6,6.91,0.72,2,1,7.6,11.438308,2
10.69,39.73,70.17,198.51,11.6,3.82,0.33,6,2,8,102.15741,1
10.61,19.64,68.39,196.32,5.24,2.65,0.5,6,2,8,63.19544,1
6.54,44.67,52.6,117.24,3.1,2.4,0.77,8,0.5,7.4,18.325752,0
12.04,47.5,75,156,9.6,6.91,0.72,2,1.5,7.4,11.368939,1
10.72,40,72.98,145.96,8.2,5.6,0.68,7.8,8.8,7.6,28.055265,1
5.01,35.76,69.07,138.13,6.7,4.4,0.66,9.9,16.8,7.5,55.32497,1
11.6,40,60.22,162.75,10.73,3.55,0.33,3,2.5,7.6,69.770386,0
10.36,50.63,85,155.56,9.6,6.91,0.72,2,0.3,8,10.948464,0
17.4,47.5,75,181,9.6,6.91,0.72,2,1.5,7.4,21.685604,1
11.6,40,58.41,157.85,11.33,3.88,0.34,3,2.5,7.6,73.37189,0
8.56,44.22,77.82,155.64,6.7,4.4,0.66,9.2,14.2,7.5,43.10153,0
9.68,8.75,75,202.4,8.2,3.5,0.43,5,0.8,7.1,105.132484,0
13.54,14.5,68.33,136.66,6.7,4.4,0.66,10.4,18.4,7.5,48.118256,0
10.08,47.5,75,153,9.6,6.91,0.72,2,1.5,7.4,14.933227,0
13.17,0,74.84,172.72,6.67,3.39,0.51,6,2,8,45.148396,0
14.65,45,81.5,163,4.6,3.5,0.76,4,6,7.6,6.522323,0
9.21,45,58,114,3.1,2.4,0.77,7.8,13.8,7.4,23.507416,2
15.1,50,81,162,4.8,4.1,0.85,4,4,7.6,5.725472,0
10.36,36.11,75.02,225.05,7.7,4.6,0.6,6,3,7.5,32.775246,2
7.78,45,52,118,4,3.1,0.78,5.8,3.8,7.4,28.806763,0
9.37,50.27,68.31,175.19,15.43,3.62,0.23,6,2,8,68.74053,2
15.53,50,73,146,5.5,4.6,0.84,5.8,5.8,7.6,7.8708334,0
10.65,51.51,71.29,179.87,16.73,3.91,0.23,6,2,8,77.69717,2
10.93,18.7,67.4,135.8,7.82,5.09,0.65,12,24,7.4,54.11514,0
11.64,18.7,67.4,135.8,9.06,5.97,0.66,12,24,7.4,67.43028,0
11.08,45,76.47,154.52,6.7,4,0.6,8,12,7.5,32.241516,2
15.88,47.5,75,191,9.6,6.91,0.72,2,1.5,7.4,15.058543,1
9.64,50.76,67.93,168.67,13.77,3.43,0.25,6,2,8,72.0031,2
10.39,50,70.53,141.06,5.5,4.6,0.84,5,5,7.6,12.369336,0
10.19,31.54,72.04,177.08,7.9,2.95,0.37,6,2,8,71.15919,1
9.41,72.13,52.57,134.63,4.3,3.3,0.77,6,1,7.4,24.084515,0
3.01,15.51,108.1,216.2,6.7,4.4,0.66,8.6,12.2,7.5,54.785614,1
12.42,50,68,136,5.5,4.6,0.84,5.6,5.6,7.6,6.1496196,0
11.54,30.55,70.97,205.58,4.77,2.39,0.5,6,2,8,58.24326,0
11.26,9.59,69.68,203.87,4.3,2.25,0.52,6,2,8,54.98224,0
10.88,10.21,75.48,183.6,5.12,2.7,0.53,6,2,8,49.44488,0
11.6,40,60.64,163.88,10.68,4.01,0.38,3,2.5,7.6,62.776745,0
9.61,22.8,76.8,151.9,6.94,3.97,0.57,12,24,7.4,53.011868,2
9.1,41.84,72.41,196.97,16.5,3.72,0.23,6,2,8,96.74971,2
12.21,45,57,129,4.3,3.3,0.77,5.8,3.8,7.4,25.332413,0
10.74,50,82.9,172.71,12,7.83,0.65,12,23.2,7.5,71.88976,0
9.64,22.8,76.8,151.9,7.15,4.15,0.58,12,24,7.4,49.663784,2
11.1,19.14,74.19,178.31,5.41,2.86,0.53,6,2,8,47.390423,0
12.36,43.23,85,158.61,9.6,6.91,0.72,2,0.3,6.5,9.578959,0
9.69,40.22,69.8,181.68,17.17,3.67,0.21,6,2,8,77.347855,2
10.87,30.43,75.03,201.27,18.29,3.81,0.21,6,2,8,93.21493,2
5.67,50,85,160.11,9.6,6.91,0.72,2,1,7.6,11.58625,2
25.09,45,77.47,172.14,4.65,3.58,0.77,5,6,7.5,14.590839,0
6.66,42.89,94.92,189.85,6.7,4.4,0.66,6.9,6.2,7.5,31.956217,2
9.91,44.84,56.97,134.85,4,3.1,0.78,6,4,7.4,20.988853,0
9.41,72.13,52.57,134.63,4.3,3.3,0.77,6,4,7.4,24.084515,0
10.18,47.5,75,167,9.6,6.91,0.72,2,1.5,7.4,22.8771,0
6.42,50,85,163.23,9.6,6.91,0.72,2,0.5,7.6,11.709823,2
14.55,50,72,144,4.8,4.1,0.85,4,4,7.6,7.769289,0
12.97,47.5,75,180,9.6,6.91,0.72,2,1.5,7.4,30.351307,1
11.73,50,75.44,150.88,7.5,5.3,0.71,3,3,7.6,15.733135,0
9.41,72.13,52.57,134.63,4.3,3.3,0.77,6,3,7.4,24.084515,0
10.81,47.5,75,159,9.6,6.91,0.72,2,1.5,7.4,42.55822,0
10.85,30.5,81,176.78,7,5.3,0.76,4,6,7.5,4.8044834,0
10.43,22.8,76.8,151.9,7.06,4.3,0.61,12,24,7.4,45.4095,2
10.5,38.98,71.61,200.46,4.6,2.19,0.48,6,2,8,57.801254,1
6.54,44.67,52.6,117.24,3.1,2.4,0.77,8,2,7.4,18.325752,0
9.88,35.92,89.52,268.55,7.7,4.6,0.6,6,3,7.5,28.167953,2
9.73,53.74,84,158.55,9.6,6.91,0.72,2,1,7.6,15.175182,0
6.25,50,75.2,156.67,11.9,8.23,0.69,14.3,25.6,7.5,64.59899,0
10.39,39.98,68.39,206.41,5.62,2.86,0.51,6,2,8,76.43801,0
9.97,44.01,78.31,156.61,6.7,4.4,0.66,6.7,5.4,7.5,21.581274,2
10.42,49.9,70.92,177.43,14.87,3.73,0.25,6,2,8,83.10821,2
10.1,39.11,75.4,180.23,10.64,3.52,0.33,6,2,8,75.967606,1
9.14,29.31,77.64,191.41,19.7,3.92,0.2,6,2,8,87.36359,2
11.54,22.8,76.8,151.9,7.06,4.3,0.61,12,24,7.4,58.2667,2
24.66,45,71,142,4.6,3.5,0.76,4,6,7.6,15.532717,0
9.51,30.05,73.91,184.82,6.58,2.34,0.36,6,2,8,68.0163,0
9.95,39.03,72.68,218.03,7.7,4.6,0.6,6,3,7.5,28.612946,2
11.05,40.6,69.43,174.87,18.46,3.75,0.2,6,2,8,69.22931,2
9.87,29.06,72.41,173.87,7.03,2.55,0.36,6,2,8,56.600018,1
7.22,50,76,152,7.5,5.3,0.71,3,3,7.6,21.402466,2
9,45,52,118,4,3.1,0.78,5.8,3.8,7.4,22.58928,1
15.36,47.5,75,158,9.6,6.91,0.72,2,1.5,7.4,13.487884,0
9.87,51.63,70.17,197.53,12.58,3.61,0.29,6,2,8,92.618805,1
9.42,51.01,73.91,193.94,11.49,3.19,0.28,6,2,8,86.81671,1
11.1,40.6,70.32,214.78,4.78,2.4,0.5,6,2,8,62.77732,1
12.8,45,57,129,4.3,3.3,0.77,5.8,3.8,7.4,21.079855,0
11.13,47.5,75,179,9.6,6.91,0.72,2,1.5,7.4,19.765738,2
5.67,50,85,160.11,9.6,6.91,0.72,2,0.5,7.6,11.58625,2
10.64,22.8,76.8,151.9,7.12,4.15,0.58,12,24,7.4,20.916338,1
9.23,50.27,72.41,167.75,14.58,4.08,0.28,6,2,8,75.05412,2
9.96,22.8,76.8,151.9,6.91,4.18,0.61,12,24,7.4,29.992184,0
15.46,45,78,159.18,7,5.37,0.77,5,6,7.5,5.505447,0
10.28,31.54,70.55,207.69,7.44,2.84,0.38,6,2,8,99.23778,0
17.7,47.5,75,177,9.6,6.91,0.72,2,1.5,7.4,31.088673,2
10.46,47.5,75,155,9.6,6.91,0.72,2,1.5,7.4,11.840956,0
13.24,45,79.5,169.15,11.2,7.36,0.66,8,12,7.5,71.67803,1
11.7,10.59,70.32,186.68,6.02,3.12,0.52,6,2,8,58.863853,0
10.46,45,74,157.45,6.7,4.12,0.61,8,12,7.5,25.978176,1
11.09,47.5,75,194,9.6,6.91,0.72,2,1.5,7.4,14.00969,2
11.59,9.72,72.9,174.72,5.07,2.58,0.51,6,2,8,39.169083,0
6.09,45,57,129,4.3,3.3,0.77,5.8,3.8,7.4,25.009195,0
13.46,45,57,129,4.3,3.3,0.77,5.8,3.8,7.4,22.037275,0
11.6,40,68.86,186.11,9.53,4.04,0.42,3,2.5,7.6,69.456955,0
11.13,60.73,76.4,170.23,12,7.6,0.63,8,12,7.5,85.9253,0
10.36,52.54,85,155.73,9.6,6.91,0.72,2,0.5,8.5,8.573915,2
10.29,22.8,76.8,151.9,6.91,3.94,0.57,12,24,7.4,47.509937,2
10.64,50,82.6,165.2,7.5,5.83,0.78,6,6,7.5,0.73216075,1
15.46,45,81,162,7,5.37,0.77,5,6,7.5,2.9368267,0
9.92,50.89,70.55,179.9,16.47,3.76,0.23,6,2,8,79.78928,2
10.01,51.26,71.29,195.09,14.44,3.79,0.26,6,2,8,97.16908,2
9.83,29.43,72.41,188.76,5.96,2.47,0.41,6,2,8,70.84004,1
10.61,31.05,70.32,213.89,4.76,2.21,0.46,6,2,8,75.46582,1
35.49,40,75.38,150.75,8.2,5.6,0.68,8.5,9.8,7.6,30.86865,0
11.33,32.04,71.29,189.09,6.61,2.42,0.37,6,2,8,81.977066,1
11.6,40,65.17,176.13,10.05,4.1,0.41,3,2.5,7.6,81.180534,0
9.51,38.9,77.67,233,7.7,4.6,0.6,6,3,7.5,35.71748,2
10.85,30.5,81,176.78,7,5.3,0.76,4,1,7.5,4.8044834,0
8.04,37.91,82.72,248.15,7.7,4.6,0.6,6,3,7.5,33.60647,2
6.79,42.72,85,166.95,9.6,6.91,0.72,2,0.5,7.6,11.38386,2
9.64,22.8,76.8,151.9,7.91,4.94,0.62,12,24,7.4,48.12926,0
9.73,53.74,84,158.55,9.6,6.91,0.72,2,0.5,7.6,15.175182,0
9.43,22.8,76.8,151.9,7.15,4.15,0.58,12,24,7.4,41.108585,2
14.03,50,75,150,4.8,4.1,0.85,4,4,7.6,7.942886,0
11.63,47.5,75,166,9.6,6.91,0.72,2,1.5,7.4,39.137173,0
11.36,22.8,76.8,151.9,7,4,0.57,12,24,7.4,32.095177,0
7.68,37.01,90.59,181.19,6.7,4.4,0.66,8.9,13,7.5,48.6814,1
12.89,47.5,75,171,9.6,6.91,0.72,2,1.5,7.4,22.726223,2
10.44,40,79.2,158.4,8.2,5.6,0.68,6,6,7.6,26.604527,0
10.11,22.8,76.8,151.9,7.52,4.09,0.54,12,24,7.4,68.19595,0
10.8,30.76,90.99,181.99,6.7,4.4,0.66,8.3,11.2,7.5,53.002876,2
12.36,43.23,85,158.61,9.6,6.91,0.72,2,1,6.5,9.578959,2
17.4,50,78,156,7.5,5.3,0.71,3,3,7.6,29.057936,1
9.36,18.7,67.4,135.8,7.97,4.76,0.6,12,24,7.4,35.652832,0
10.33,31.91,68.31,186,6.64,2.57,0.39,6,2,8,77.95452,0
13.69,50,75,150,5.5,4.6,0.84,4.2,4.2,7.6,14.114598,1
7.09,48.99,87.54,175.07,6.7,4.4,0.66,7.3,7.4,7.5,55.138443,2
14.74,47.5,75,186,9.6,6.91,0.72,2,1.5,7.4,18.657728,2
10.36,51.17,85,155.09,9.6,6.91,0.72,2,0.5,7,13.237605,1
12.42,40,66.48,132.96,8.2,5.6,0.68,10,12,7.6,39.94286,2
6.93,31.75,71.05,142.09,6.7,4.4,0.66,9.5,15.2,7.5,49.423035,1
11.07,47.5,75,184,9.6,6.91,0.72,2,1.5,7.4,19.95591,1
9.36,18.7,67.4,135.8,7.52,4.48,0.6,12,24,7.4,35.304756,2
19.2,50,76,152,7.5,5.3,0.71,3,3,7.6,28.233147,0
10.39,50,74.03,148.05,7.5,5.3,0.71,3,3,7.6,8.883421,2
28.35,50,75.44,150.88,7.5,5.3,0.71,3,3,7.6,27.447187,0
